<wartungsplanAuto Kaufdatum="1.7.2019">
 <systematischeArbeiten_normaleNutzungsbedingungen>
  <Wartungen Interval_DauerJahre="1" Interval_EntfernungKM="25000">Wartungen: normale Nutzungsbedingungen (systematische Arbeiten)</Wartungen>
 </systematischeArbeiten_normaleNutzungsbedingungen>
 <SystematischeArbeiten_erschwerteNutzungsbedingungen>
  <Wartungen Interval_DauerJahre="1" Interval_EntfernungKM="15000">Wartungen: erschwerte Nutzungsbedingungen (systematische Arbeiten)</Wartungen>
 </SystematischeArbeiten_erschwerteNutzungsbedingungen>
 <Zusatzarbeiten_normaleNutzungsbedingungen>
  <Austausch_des_Steuerriemens EinstiegsInterval_DauerJahre="6" EinstiegsInterval_EntfernungKM="100000" HauptInterval_DauerJahre="12" HauptInterval_EntfernungKM="200000">Austausch des Steuerriemens: normale Nutzungsbedingungen (Zusatzarbeiten)</Austausch_des_Steuerriemens>
  <Austausch_des_Satzes_Motorsteuerung HauptInterval_DauerJahre="12" HauptInterval_EntfernungKM="200000">Austausch des Satzes Motorsteuerung: normale Nutzungsbedingungen (Zusatzarbeiten)</Austausch_des_Satzes_Motorsteuerung>
  <Kontrolle_der_Kühlflüssigkeit EinstiegsInterval_DauerJahre="4" EinstiegsInterval_EntfernungKM="125000" HauptInterval_DauerJahre="1" HauptInterval_EntfernungKM="25000">PH-Kontrolle der Kühlflüssigkeit: normale Nutzungsbedingungen (Zusatzarbeiten)</Kontrolle_der_Kühlflüssigkeit>
  <Austausch_der_Zündkerzen HauptInterval_DauerJahre="4" HauptInterval_EntfernungKM="50000">Austausch der Zündkerzen: normale Nutzungsbedingungen (Zusatzarbeiten)</Austausch_der_Zündkerzen>
  <Austausch_des_Luftfilters HauptInterval_DauerJahre="4" HauptInterval_EntfernungKM="50000">Austausch des Luftfilters: normale Nutzungsbedingungen (Zusatzarbeiten)</Austausch_des_Luftfilters>
  <Austausch_des_Teilesatzes_Antriebsriemen_der_Nebenaggregate HauptInterval_DauerJahre="12" HauptInterval_EntfernungKM="200000">Austausch des Teilesatzes Antriebsriemen der Nebenaggregate: normale Nutzungsbedingungen (Zusatzarbeiten)</Austausch_des_Teilesatzes_Antriebsriemen_der_Nebenaggregate>
  <Austausch_des_Antriebsriemens_der_Nebenaggregate EinstiegsInterval_DauerJahre="6" EinstiegsInterval_EntfernungKM="100000" HauptInterval_DauerJahre="12" HauptInterval_EntfernungKM="200000">Austausch des Antriebsriemens der Nebenaggregate: normale Nutzungsbedingungen (Zusatzarbeiten)</Austausch_des_Antriebsriemens_der_Nebenaggregate>
  <Wechsel_der_Bremsflüssigkeit HauptInterval_DauerJahre="2" HauptInterval_EntfernungKM="0">Wechsel der Bremsflüssigkeit: normale Nutzungsbedingungen (Zusatzarbeiten)</Wechsel_der_Bremsflüssigkeit>
  <Austausch_des_Innenraumfilters HauptInterval_DauerJahre="2" HauptInterval_EntfernungKM="25000">Austausch des Innenraumfilters: normale Nutzungsbedingungen (Zusatzarbeiten)</Austausch_des_Innenraumfilters>
  <Austausch_des_MotorKühlmittels HauptInterval_DauerJahre="10" HauptInterval_EntfernungKM="175000">Austausch des Motor-Kühlmittels: normale Nutzungsbedingungen (Zusatzarbeiten)</Austausch_des_MotorKühlmittels>
 </Zusatzarbeiten_normaleNutzungsbedingungen>
 <Zusatzarbeiten_erschwerteNutzungsbedingungen>
  <Austausch_des_Steuerriemens EinstiegsInterval_DauerJahre="6" EinstiegsInterval_EntfernungKM="105000" HauptInterval_DauerJahre="12" HauptInterval_EntfernungKM="210000">Austausch des Steuerriemens: erschwerte Nutzungsbedingungen (Zusatzarbeiten)</Austausch_des_Steuerriemens>
  <Austausch_des_Satzes_Motorsteuerung HauptInterval_DauerJahre="12" HauptInterval_EntfernungKM="210000">Austausch des Satzes Motorsteuerung: erschwerte Nutzungsbedingungen (Zusatzarbeiten)</Austausch_des_Satzes_Motorsteuerung>
  <Kontrolle_der_Kühlflüssigkeit EinstiegsInterval_DauerJahre="4" EinstiegsInterval_EntfernungKM="120000" HauptInterval_DauerJahre="1" HauptInterval_EntfernungKM="15000">PH-Kontrolle der Kühlflüssigkeit: erschwerte Nutzungsbedingungen (Zusatzarbeiten)</Kontrolle_der_Kühlflüssigkeit>
  <Austausch_der_Zündkerzen HauptInterval_DauerJahre="4" HauptInterval_EntfernungKM="30000">Austausch der Zündkerzen: erschwerte Nutzungsbedingungen (Zusatzarbeiten)</Austausch_der_Zündkerzen>
  <Austausch_des_Luftfilters HauptInterval_DauerJahre="4" HauptInterval_EntfernungKM="30000">Austausch des Luftfilters: erschwerte Nutzungsbedingungen (Zusatzarbeiten)</Austausch_des_Luftfilters>
  <Austausch_des_Teilesatzes_Antriebsriemen_der_Nebenaggregate HauptInterval_DauerJahre="12" HauptInterval_EntfernungKM="210000">Austausch des Teilesatzes Antriebsriemen der Nebenaggregate: erschwerte Nutzungsbedingungen (Zusatzarbeiten)</Austausch_des_Teilesatzes_Antriebsriemen_der_Nebenaggregate>
  <Austausch_des_Antriebsriemens_der_Nebenaggregate EinstiegsInterval_DauerJahre="6" EinstiegsInterval_EntfernungKM="105000" HauptInterval_DauerJahre="12" HauptInterval_EntfernungKM="210000">Austausch des Antriebsriemens der Nebenaggregate: erschwerte Nutzungsbedingungen (Zusatzarbeiten)</Austausch_des_Antriebsriemens_der_Nebenaggregate>
  <Wechsel_der_Bremsflüssigkeit HauptInterval_DauerJahre="2" HauptInterval_EntfernungKM="0">Wechsel der Bremsflüssigkeit: erschwerte Nutzungsbedingungen (Zusatzarbeiten)</Wechsel_der_Bremsflüssigkeit>
  <Austausch_des_Innenraumfilters HauptInterval_DauerJahre="1" HauptInterval_EntfernungKM="15000">Austausch des Innenraumfilters: normale Nutzungsbedingungen (Zusatzarbeiten)</Austausch_des_Innenraumfilters>
  <Austausch_des_MotorKühlmittels HauptInterval_DauerJahre="10" HauptInterval_EntfernungKM="165000">Austausch des Motor-Kühlmittels: normale Nutzungsbedingungen (Zusatzarbeiten)</Austausch_des_MotorKühlmittels>
 </Zusatzarbeiten_erschwerteNutzungsbedingungen>
</wartungsplanAuto>
